Unnamed: 0,Project,specification,area,price
0,0,Park Titan,3 BHK,"988-1,212 sq.ft. (92-113 sq.m.) Carpet Area",₹ 94 L - 1.16 Cr
1,1,Park Titan,2 BHK,726-789 sq.ft. (67-73 sq.m.) Carpet Area,₹ 70  - 76 L
2,2,TCG Cliff Garden,,,
3,3,TCG Cliff Garden,,,
4,4,Vaishnavi Homes,,,
5,5,Kohinoor Coral,,,
6,6,Shapoorji Joyville Sensorium,,,
7,7,Geras Adara,,,
8,8,Shapoorji Joyville Sensorium,,,
9,9,Shapoorji Joyville Sensorium,,,
10,10,Shapoorji Joyville Sensorium,,,
11,11,Paranjape Blue Ridge4.4 ★,,,
12,12,Vision Eternity,,,
13,13,Kumar Megapolis4.5 ★,,,
14,14,Kumar Megapolis4.5 ★,,,
15,15,Kumar Megapolis4.5 ★,,,
16,16,Paranjape Blue Ridge4.5 ★,,,
17,17,Paranjape Blue Ridge4.5 ★,,,
18,18,Kolte Patil Life Republic4.5 ★,,,
19,19,Geras Adara,,,
20,20,Sportsville,,,
21,21,ITrend Homes3.7 ★,,,
22,22,Sportsville,,,
23,23,Sportsville,,,
24,24,Kolte Patil Life Republic4.5 ★,,,
25,25,Park Titan,3 BHK,"988-1,212 sq.ft. (92-113 sq.m.) Carpet Area",₹ 94 L - 1.16 Cr
26,26,Park Titan,2 BHK,726-789 sq.ft. (67-73 sq.m.) Carpet Area,₹ 70  - 76 L
27,27,TCG Cliff Garden,,,
28,28,TCG Cliff Garden,,,
29,29,Vaishnavi Homes,,,
30,30,Kohinoor Coral,,,
31,31,Shapoorji Joyville Sensorium,,,
32,32,Geras Adara,,,
33,33,Shapoorji Joyville Sensorium,,,
34,34,Shapoorji Joyville Sensorium,,,
35,35,Shapoorji Joyville Sensorium,,,
36,36,Paranjape Blue Ridge4.4 ★,,,
37,37,Vision Eternity,,,
38,38,Kumar Megapolis4.5 ★,,,
39,39,Kumar Megapolis4.5 ★,,,
40,40,Kumar Megapolis4.5 ★,,,
41,41,Paranjape Blue Ridge4.5 ★,,,
42,42,Paranjape Blue Ridge4.5 ★,,,
43,43,Kolte Patil Life Republic4.5 ★,,,
44,44,Geras Adara,,,
45,45,Sportsville,,,
46,46,ITrend Homes3.7 ★,2 BHK2 Baths,587 sq.ft. (55 sq.m.) Carpet Area,"₹ 49 L₹ 9,473/sq.ft."
47,47,Sportsville,3 BHK3 Baths,879 sq.ft. (82 sq.m.) Carpet Area,₹ 78.9 L
48,48,Sportsville,1 BHK1 Bath,479 sq.ft. (45 sq.m.) Carpet Area,₹ 39.9 L
49,49,Kolte Patil Life Republic4.5 ★,3 BHK3 Baths,"754-1,594 sq.ft. (70-148 sq.m.) Carpet Area","₹ 76 L - 1.6 Cr₹ 10,050/sq.ft."
50,50,Kolte Patil Life Republic4.5 ★,2 BHK2 Baths,530-889 sq.ft. (49-83 sq.m.) Carpet Area,"₹ 59  - 99 L₹ 11,129/sq.ft."
51,51,Kolte Patil Life Republic4.5 ★,1 BHK1 Bath,410-470 sq.ft. (38-44 sq.m.) Carpet Area,"₹ 43.05  - 49.35 L₹ 10,500/sq.ft."
52,52,Apostrophe Hinjawadi,2 BHK2 Baths,642 sq.ft. (60 sq.m.) Carpet Area,₹ 65 L
53,53,Kolte Patil Oro Avenue,1 BHK1 Bath,366-471 sq.ft. (34-44 sq.m.) Carpet Area,"₹ 39.03  - 50.23 L₹ 10,658/sq.ft."
54,54,Kolte Patil First Avenue Tower C,3 BHK3 Baths,751-762 sq.ft. (70-71 sq.m.) Carpet Area,"₹ 75.3  - 76.4 L₹ 10,016/sq.ft."
55,55,Kolte Patil Life Republic4.5 ★,2 BHK2 Baths,"1,080 sq.ft. (100 sq.m.) Built-up Area","₹ 65 L₹ 8,074/sq.ft."
56,56,Kolte Patil First Avenue Tower C,3 BHK3 Baths,751-762 sq.ft. (70-71 sq.m.) Carpet Area,"₹ 75.4  - 76.51 L₹ 10,030/sq.ft."
57,57,Park Titan,3 BHK,"970-1,225 sq.ft. (90-114 sq.m.) Carpet Area",₹ 94 L - 1.19 Cr
58,58,Park Titan,2 BHK,720-815 sq.ft. (67-76 sq.m.) Carpet Area,₹ 70  - 79.23 L
59,59,TCG Cliff Garden,2 BHK2 Baths,658 sq.ft. (61 sq.m.) Carpet Area,₹ 55.5 L
60,60,TCG Cliff Garden,2 BHK2 Baths,658-742 sq.ft. (61-69 sq.m.) Carpet Area,₹ 52.25  - 59.2 L
61,61,Paranjape Trident Towers,2 BHK2 Baths,664 sq.ft. (62 sq.m.) Super built-up Area,"₹ 65 L₹ 9,789/sq.ft."
62,62,Kohinoor Coral,2 BHK,493-760 sq.ft. (46-71 sq.m.) Carpet Area,"₹ 44.69  - 68.89 L₹ 9,059/sq.ft."
63,63,Shapoorji Joyville Sensorium,3 BHK3 Baths,"787-1,159 sq.ft. (73-108 sq.m.) Carpet Area","₹ 83.69 L - 1.23 Cr₹ 10,633/sq.ft."
64,64,Shapoorji Joyville Sensorium,2 BHK2 Baths,536-970 sq.ft. (50-90 sq.m.) Carpet Area,"₹ 68.13 L - 1.23 Cr₹ 12,687/sq.ft."
65,65,Kohinoor Coral,2 BHK,493-760 sq.ft. (46-71 sq.m.) Carpet Area,"₹ 44.69  - 68.89 L₹ 9,059/sq.ft."
66,66,Shapoorji Joyville,2 BHK2 Baths,770 sq.ft. (72 sq.m.) Carpet Area,"₹ 98 L₹ 12,727/sq.ft."
67,67,TCG Cliff Garden,1 BHK1 Bath,461 sq.ft. (43 sq.m.) Carpet Area,₹ 39 L
68,68,Kohinoor Coral,2 BHK,493-760 sq.ft. (46-71 sq.m.) Carpet Area,"₹ 44.69  - 68.89 L₹ 9,059/sq.ft."
69,69,Godrej 24,3 BHK3 Baths,"1,530 sq.ft. (142 sq.m.) Built-up Area","₹ 1.4 Cr₹ 8,496/sq.ft."
70,70,Kasturi Eon Homes4.1 ★,3 BHK,977 sq.ft. (91 sq.m.) Carpet Area,"₹ 90 L₹ 9,209/sq.ft."
71,71,Kasturi Eon Homes4.1 ★,2 BHK,721 sq.ft. (67 sq.m.) Carpet Area,"₹ 70 L₹ 9,699/sq.ft."
72,72,Rohan Prathama,2 BHK2 Baths,700 sq.ft. (65 sq.m.) Carpet Area,"₹ 64.88 L₹ 9,268/sq.ft."
73,73,Pride Purple Park Connect,3 BHK3 Baths,700-997 sq.ft. (65-93 sq.m.) Carpet Area,"₹ 82 L - 1.17 Cr₹ 11,714/sq.ft."
74,74,Pride Purple Park Connect,2 BHK2 Baths,"490-1,020 sq.ft. (46-95 sq.m.) Carpet Area","₹ 60 L - 1.25 Cr₹ 12,237/sq.ft."
75,75,Park Titan,2 BHK,720-815 sq.ft. (67-76 sq.m.) Carpet Area,₹ 66.06  - 74.78 L
76,76,Pride Purple Park Connect,2 BHK2 Baths,490 sq.ft. (46 sq.m.) Carpet Area,"₹ 60 L₹ 12,221/sq.ft."
77,77,Pegasus Megapolis Serenity,2 BHK2 Baths,637 sq.ft. (59 sq.m.) Carpet Area,"₹ 55 L₹ 8,631/sq.ft."
78,78,Kumar Megapolis4.5 ★,3 BHK,"1,305-1,495 sq.ft. (121-139 sq.m.) Super built-up Area","₹ 80  - 91.64 L₹ 6,130/sq.ft."
79,79,Kumar Megapolis4.5 ★,2 BHK2 Baths,"1,078-1,124 sq.ft. (100-104 sq.m.) Super built-up Area","₹ 53.09  - 55.36 L₹ 4,925/sq.ft."
80,80,Kolte Patil R10 at Life Republic,2 BHK2 Baths,577 sq.ft. (54 sq.m.) Carpet Area,₹ 57 L
81,81,Kolte Patil R10 at Life Republic,1 BHK2 Baths,406 sq.ft. (38 sq.m.) Carpet Area,₹ 40.1 L
82,82,Park Titan,3 BHK,"970-1,225 sq.ft. (90-114 sq.m.) Carpet Area",₹ 94 L - 1.19 Cr
83,83,Park Titan,2 BHK,720-815 sq.ft. (67-76 sq.m.) Carpet Area,₹ 69.84  - 79.86 L
84,84,Rahul Aston,3 BHK3 Baths,940 sq.ft. (87 sq.m.) Carpet Area,₹ 90 L
85,85,Kasturi Eon Homes4.1 ★,2 BHK2 Baths,721-935 sq.ft. (67-87 sq.m.) Carpet Area,"₹ 73.77  - 95.67 L₹ 10,226/sq.ft."
86,86,Park Titan,2 BHK,720-815 sq.ft. (67-76 sq.m.) Carpet Area,₹ 66.06  - 74.78 L
87,87,TCG Cliff Garden,2 BHK2 Baths,658-742 sq.ft. (61-69 sq.m.) Carpet Area,₹ 55.5  - 62.6 L
88,88,TCG Cliff Garden,1 BHK1 Bath,461 sq.ft. (43 sq.m.) Carpet Area,₹ 39 L
89,89,Shapoorji Joyville Sensorium,3 BHK3 Baths,787-791 sq.ft. (73-73 sq.m.) Carpet Area,"₹ 94.49  - 97.3 L₹ 12,146/sq.ft."
90,90,Kolte Patil Life Republic4.4 ★,3 BHK3 Baths,"754-1,594 sq.ft. (70-148 sq.m.) Carpet Area","₹ 75.1 L - 1.59 Cr₹ 9,947/sq.ft."
91,91,Kolte Patil Life Republic4.4 ★,2 BHK2 Baths,530-889 sq.ft. (49-83 sq.m.) Carpet Area,"₹ 59  - 98.96 L₹ 11,129/sq.ft."
92,92,Shapoorji Joyville Sensorium,3 BHK3 Baths,787-978 sq.ft. (73-91 sq.m.) Carpet Area,"₹ 97.3 L - 1.01 Cr₹ 11,338/sq.ft."
93,93,Shapoorji Joyville Sensorium,2 BHK2 Baths,536-789 sq.ft. (50-73 sq.m.) Carpet Area,"₹ 68.03  - 79.26 L₹ 10,755/sq.ft."
94,94,Krishna Amarillo,2 BHK2 Baths,636-723 sq.ft. (59-67 sq.m.) Carpet Area,₹ 60.1  - 68.32 L
95,95,Paranjape Blue Ridge4.5 ★,3 BHK3 Baths,961 sq.ft. (89 sq.m.) Carpet Area,"₹ 82 L₹ 8,532/sq.ft."
96,96,Paranjape Blue Ridge4.5 ★,2 BHK2 Baths,740 sq.ft. (69 sq.m.) Carpet Area,"₹ 68 L₹ 9,189/sq.ft."
97,97,Rohan Prathama,1 BHK,315-410 sq.ft. (29-38 sq.m.) Carpet Area,"₹ 36.61  - 47.65 L₹ 11,607/sq.ft."
98,98,Rohan Prathama,2 BHK,503-563 sq.ft. (47-52 sq.m.) Carpet Area,"₹ 59.21  - 66.14 L₹ 11,744/sq.ft."
99,99,Kolte Patil Life Republic4.4 ★,3 BHK3 Baths,754-822 sq.ft. (70-76 sq.m.) Carpet Area,"₹ 79.31  - 86.23 L₹ 10,498/sq.ft."
100,100,Kolte Patil Life Republic4.4 ★,2 BHK2 Baths,530-620 sq.ft. (49-58 sq.m.) Carpet Area,"₹ 53  - 58.95 L₹ 9,747/sq.ft."
101,101,Redshift Bloomville,2 BHK2 Baths,516 sq.ft. (48 sq.m.) Carpet Area,Price on Request
102,102,Redshift Bloomville,1 BHK1 Bath,355 sq.ft. (33 sq.m.) Carpet Area,Price on Request
103,103,Kasturi Eon Homes4.3 ★,3 BHK,823 sq.ft. (76 sq.m.) Carpet Area,"₹ 94.12 L₹ 11,424/sq.ft."
104,104,Kasturi Eon Homes4.3 ★,3 BHK,823 sq.ft. (76 sq.m.) Carpet Area,"₹ 73.23 L₹ 8,888/sq.ft."
105,105,Park Titan,3 BHK,990 sq.ft. (92 sq.m.) Carpet Area,₹ 92 L
106,106,Park Titan,2 BHK,725 sq.ft. (67 sq.m.) Carpet Area,₹ 60 L
107,107,Menlo Homes,2 BHK2 Baths,676 sq.ft. (63 sq.m.) Carpet Area,"₹ 62.48 L₹ 9,242/sq.ft."
108,108,32 Pinewood Drive,3 BHK,792 sq.ft. (74 sq.m.) Carpet Area,"₹ 75 L₹ 9,469/sq.ft."
109,109,32 Pinewood Drive,2 BHK,606 sq.ft. (56 sq.m.) Carpet Area,"₹ 54 L₹ 8,910/sq.ft."
110,110,Vilas Yashwin Sukhniwas,2 BHK2 Baths,585 sq.ft. (54 sq.m.) Carpet Area,₹ 50.58 L
111,111,Krishna Amarillo,2 BHK2 Baths,636 sq.ft. (59 sq.m.) Carpet Area,₹ 60 L
112,112,Mittal Pebbles High Mont4.1 ★,2 BHK2 Baths,569 sq.ft. (53 sq.m.) Carpet Area,"₹ 55 L₹ 9,666/sq.ft."
113,113,Shapoorji Joyville Sensorium,3 BHK3 Baths,787 sq.ft. (73 sq.m.) Carpet Area,"₹ 97.3 L₹ 12,360/sq.ft."
114,114,Shapoorji Joyville Sensorium,2 BHK2 Baths,536 sq.ft. (50 sq.m.) Carpet Area,"₹ 68.03 L₹ 12,677/sq.ft."
115,115,Park Titan,2 BHK,720 sq.ft. (67 sq.m.) Carpet Area,₹ 66 L
116,116,Paranjape Blue Ridge4.5 ★,2 BHK2 Baths,740 sq.ft. (69 sq.m.) Carpet Area,"₹ 68 L₹ 9,189/sq.ft."
117,117,Kumar Megapolis4.5 ★,2 BHK2 Baths,"1,078 sq.ft. (100 sq.m.) Super built-up Area","₹ 53 L₹ 4,916/sq.ft."
118,118,Park Titan,3 BHK,"970-1,225 sq.ft. (90-114 sq.m.) Carpet Area",₹ 92.15 L - 1.16 Cr
119,119,Park Titan,2 BHK,720-815 sq.ft. (67-76 sq.m.) Carpet Area,₹ 66.5  - 75.27 L
120,120,Rahul Aston,2 BHK2 Baths,779 sq.ft. (72 sq.m.) Carpet Area,₹ 55 L
121,121,Kasturi Eon Homes4.1 ★,3 BHK3 Baths,"823-1,282 sq.ft. (76-119 sq.m.) Carpet Area","₹ 94.12 L - 1.47 Cr₹ 11,430/sq.ft."
122,122,Rahul Aston,2 BHK2 Baths,779 sq.ft. (72 sq.m.) Carpet Area,₹ 55 L
123,123,Kolte Patil Life Republic4.4 ★,3 BHK3 Baths,"754-1,594 sq.ft. (70-148 sq.m.) Carpet Area","₹ 75.1 L - 1.59 Cr₹ 9,946/sq.ft."
124,124,Kolte Patil Life Republic4.4 ★,2 BHK2 Baths,530-889 sq.ft. (49-83 sq.m.) Carpet Area,"₹ 59.07  - 99.08 L₹ 11,140/sq.ft."
125,125,Kolte Patil Life Republic4.4 ★,1 BHK1 Bath,366-470 sq.ft. (34-44 sq.m.) Carpet Area,"₹ 37.1  - 47.51 L₹ 10,115/sq.ft."
126,126,Rama Melange Residences4.6 ★,2 BHK2 Baths,850 sq.ft. (79 sq.m.) Carpet Area,"₹ 67.01 L₹ 7,883/sq.ft."
127,127,Shapoorji Joyville,2 BHK2 Baths,508 sq.ft. (47 sq.m.) Carpet Area,"₹ 65 L₹ 12,780/sq.ft."
128,128,Godrej 24,2 BHK2 Baths,545 sq.ft. (51 sq.m.) Carpet Area,"₹ 64 L₹ 11,739/sq.ft."
129,129,Rohan Prathama,2 BHK2 Baths,700 sq.ft. (65 sq.m.) Carpet Area,"₹ 64.88 L₹ 9,268/sq.ft."
130,130,Sportsville,2 BHK2 Baths,630 sq.ft. (59 sq.m.) Carpet Area,₹ 59.15 L
131,131,Kasturi Eon Homes4.3 ★,2 BHK,721 sq.ft. (67 sq.m.) Carpet Area,"₹ 65.24 L₹ 9,039/sq.ft."
132,132,Kumar Megapolis4.5 ★,2 BHK2 Baths,"1,118 sq.ft. (104 sq.m.) Super built-up Area","₹ 65 L₹ 5,814/sq.ft."
133,133,TCG Cliff Garden,2 BHK2 Baths,658 sq.ft. (61 sq.m.) Carpet Area,₹ 55.5 L
134,134,TCG Cliff Garden,2 BHK2 Baths,658 sq.ft. (61 sq.m.) Carpet Area,₹ 52 L
135,135,Park Titan,2 BHK,815 sq.ft. (76 sq.m.) Carpet Area,₹ 66 L
136,136,Welworth Purnam,2 BHK,763 sq.ft. (71 sq.m.) Carpet Area,₹ 55 L
137,137,Sportsville,2 BHK2 Baths,693 sq.ft. (64 sq.m.) Carpet Area,₹ 59.15 L
138,138,Krishna Amarillo,2 BHK2 Baths,723 sq.ft. (67 sq.m.) Carpet Area,₹ 60 L
139,139,Rahul Aston,2 BHK2 Baths,827 sq.ft. (77 sq.m.) Carpet Area,₹ 73 L
140,140,Vilas Yashwin Sukhniwas,2 BHK2 Baths,679 sq.ft. (63 sq.m.) Carpet Area,₹ 50 L
141,141,Shapoorji Joyville Sensorium,2 BHK2 Baths,536 sq.ft. (50 sq.m.) Carpet Area,"₹ 65.98 L₹ 12,296/sq.ft."
142,142,Kohinoor Coral,2 BHK2 Baths,493-705 sq.ft. (46-66 sq.m.) Carpet Area,"₹ 44.69  - 52 L₹ 8,214/sq.ft."
143,143,32 Pinewood Drive,2 BHK,780 sq.ft. (72 sq.m.) Carpet Area,"₹ 54 L₹ 6,923/sq.ft."
144,144,ITrend Homes3.7 ★,2 BHK,628 sq.ft. (58 sq.m.) Carpet Area,₹ 51 L
145,145,Kasturi Eon Homes4.3 ★,3 BHK,823 sq.ft. (76 sq.m.) Carpet Area,"₹ 73.23 L₹ 8,888/sq.ft."
146,146,Kolte Patil Life Republic4.4 ★,2 BHK,530 sq.ft. (49 sq.m.) Carpet Area,"₹ 59 L₹ 11,122/sq.ft."
147,147,Park Astra,3 BHK3 Baths,"1,000 sq.ft. (93 sq.m.) Carpet Area","₹ 85 L₹ 8,500/sq.ft."
148,148,Pride Purple Park Connect,2 BHK,721 sq.ft. (67 sq.m.) Carpet Area,"₹ 65 L₹ 9,015/sq.ft."
149,149,32 Pinewood Drive,2 BHK2 Baths,772 sq.ft. (72 sq.m.) Carpet Area,"₹ 62 L₹ 8,031/sq.ft."
150,150,Park Titan,3 BHK,988 sq.ft. (92 sq.m.) Carpet Area,₹ 93.42 L
151,151,Park Titan,2 BHK,720 sq.ft. (67 sq.m.) Carpet Area,₹ 66.06 L
152,152,Kasturi Eon Homes4.1 ★,3 BHK,823 sq.ft. (76 sq.m.) Carpet Area,"₹ 94.02 L₹ 11,412/sq.ft."
153,153,Kasturi Eon Homes4.1 ★,2 BHK,721 sq.ft. (67 sq.m.) Carpet Area,"₹ 73.69 L₹ 10,210/sq.ft."
154,154,TCG The Cliff Garden4.3 ★,2 BHK2 Baths,742 sq.ft. (69 sq.m.) Carpet Area,₹ 56 L
155,155,Sportsville,2 BHK2 Baths,725 sq.ft. (67 sq.m.) Carpet Area,₹ 68.07 L
156,156,Megapolis Sparklet4.6 ★,2 BHK2 Baths,988 sq.ft. (92 sq.m.) Super built-up Area,"₹ 54.5 L₹ 5,263/sq.ft."
157,157,Welworth Purnam,4 BHK4 Baths,"1,443 sq.ft. (134 sq.m.) Carpet Area",₹ 1.15 Cr
158,158,Welworth Purnam,3 BHK,881-954 sq.ft. (82-89 sq.m.) Carpet Area,₹ 65  - 70.39 L
159,159,Welworth Purnam,2 BHK,575-763 sq.ft. (53-71 sq.m.) Carpet Area,₹ 53  - 70.33 L
160,160,Sportsville,3 BHK3 Baths,793-797 sq.ft. (74-74 sq.m.) Carpet Area,₹ 72.59  - 72.86 L
161,161,Sportsville,2 BHK2 Baths,630-631 sq.ft. (59-59 sq.m.) Carpet Area,₹ 57  - 57.09 L
162,162,Sportsville,1 BHK1 Bath,421 sq.ft. (39 sq.m.) Carpet Area,₹ 40.09 L
163,163,Vilas Yashwin Sukhniwas,3 BHK,"1,026 sq.ft. (95 sq.m.) Carpet Area",₹ 70 L
164,164,Vilas Yashwin Sukhniwas,2 BHK2 Baths,585 sq.ft. (54 sq.m.) Carpet Area,₹ 50.58 L
165,165,Vilas Yashwin Sukhniwas,1 BHK2 Baths,491 sq.ft. (46 sq.m.) Carpet Area,₹ 41.41 L
166,166,Shapoorji Joyville Sensorium,3 BHK,973 sq.ft. (90 sq.m.) Carpet Area,"₹ 98.87 L₹ 10,161/sq.ft."
167,167,Shapoorji Joyville Sensorium,3 BHK3 Baths,"787-1,159 sq.ft. (73-108 sq.m.) Carpet Area","₹ 94.49 L - 1.39 Cr₹ 12,003/sq.ft."
168,168,Shapoorji Joyville Sensorium,2 BHK2 Baths,536-970 sq.ft. (50-90 sq.m.) Carpet Area,"₹ 66 L - 1.19 Cr₹ 11,972/sq.ft."
169,169,Life Republic I Tower,3 BHK3 Baths,754-867 sq.ft. (70-81 sq.m.) Carpet Area,"₹ 62.08  - 71.29 L₹ 8,224/sq.ft."
170,170,Rama Melange Residences4.6 ★,3 BHK3 Baths,"1,225 sq.ft. (114 sq.m.) Super built-up Area","₹ 65.23 L₹ 5,324/sq.ft."
171,171,Shapoorji Joyville,3 BHK,638 sq.ft. (59 sq.m.) Carpet Area,"₹ 95 L₹ 14,878/sq.ft."
172,172,Shapoorji Joyville,2 BHK2 Baths,508-770 sq.ft. (47-72 sq.m.) Carpet Area,"₹ 65  - 98 L₹ 12,753/sq.ft."
173,173,Kolte Patil Life Republic4.4 ★,3 BHK3 Baths,754 sq.ft. (70 sq.m.) Carpet Area,"₹ 82 L₹ 10,864/sq.ft."
174,174,Kolte Patil Life Republic4.4 ★,1 BHK1 Bath,410-470 sq.ft. (38-44 sq.m.) Carpet Area,"₹ 43  - 47.5 L₹ 10,389/sq.ft."
175,175,Shapoorji Joyville Sensorium,2 BHK2 Baths,536-637 sq.ft. (50-59 sq.m.) Carpet Area,"₹ 66.1  - 74.99 L₹ 12,045/sq.ft."
176,176,Kumar Megapolis4.5 ★,3 BHK,"1,305-1,495 sq.ft. (121-139 sq.m.) Super built-up Area","₹ 70.26  - 80.49 L₹ 5,384/sq.ft."
177,177,Redshift Bloomville,2 BHK2 Baths,516 sq.ft. (48 sq.m.) Carpet Area,Price on Request
178,178,Redshift Bloomville,1 BHK1 Bath,355 sq.ft. (33 sq.m.) Carpet Area,Price on Request
179,179,Kumar Megapolis4.5 ★,3 BHK2 Baths,"1,305 sq.ft. (121 sq.m.) Super built-up Area","₹ 70.26 L₹ 5,384/sq.ft."
180,180,Kumar Megapolis4.5 ★,2 BHK2 Baths,"1,078 sq.ft. (100 sq.m.) Super built-up Area","₹ 52 L₹ 4,824/sq.ft."
181,181,Rama Melange Residences4.6 ★,2 BHK2 Baths,647-850 sq.ft. (60-79 sq.m.) Carpet Area,"₹ 51  - 67.01 L₹ 7,882/sq.ft."
182,182,Kumar Megapolis4.5 ★,3 BHK,"1,305-1,495 sq.ft. (121-139 sq.m.) Super built-up Area","₹ 80  - 91.64 L₹ 6,130/sq.ft."
183,183,Kolte Patil Life Republic4.4 ★,3 BHK3 Baths,754 sq.ft. (70 sq.m.) Carpet Area,"₹ 74 L₹ 9,804/sq.ft."
184,184,Kolte Patil Life Republic4.4 ★,2 BHK,530 sq.ft. (49 sq.m.) Carpet Area,"₹ 58 L₹ 10,934/sq.ft."
185,185,Kolte Patil Life Republic4.4 ★,1 BHK,370 sq.ft. (34 sq.m.) Carpet Area,"₹ 37 L₹ 9,989/sq.ft."
186,186,Rama Fusion Towers,2 BHK2 Baths,508 sq.ft. (47 sq.m.) Carpet Area,"₹ 51.1 L₹ 10,047/sq.ft."
187,187,ITrend Homes3.7 ★,2 BHK2 Baths,562 sq.ft. (52 sq.m.) Carpet Area,₹ 51.01 L
188,188,Kohinoor Coral,2 BHK,493-760 sq.ft. (46-71 sq.m.) Carpet Area,"₹ 44  - 67.83 L₹ 8,919/sq.ft."
189,189,Menlo Homes,1 BHK1 Bath,422 sq.ft. (39 sq.m.) Carpet Area,"₹ 39 L₹ 9,241/sq.ft."
190,190,Vilas Javdekar Yashwin Hinjewadi,2 BHK,554 sq.ft. (51 sq.m.) Carpet Area,Price on Request
191,191,Kolte Patil Life Republic4.4 ★,3 BHK3 Baths,754 sq.ft. (70 sq.m.) Carpet Area,"₹ 81 L₹ 10,731/sq.ft."
192,192,Kolte Patil Life Republic4.4 ★,2 BHK2 Baths,650 sq.ft. (60 sq.m.) Carpet Area,"₹ 50 L₹ 7,692/sq.ft."
193,193,Kolte Patil Life Republic4.4 ★,1 BHK,366 sq.ft. (34 sq.m.) Carpet Area,"₹ 37 L₹ 10,095/sq.ft."
194,194,Sportsville,3 BHK3 Baths,793-879 sq.ft. (74-82 sq.m.) Carpet Area,₹ 78.09  - 86.56 L
195,195,Sportsville,2 BHK2 Baths,630-725 sq.ft. (59-67 sq.m.) Carpet Area,₹ 59.15  - 68.07 L
196,196,Kolte Patil Life Republic4.4 ★,3 BHK3 Baths,"754-1,594 sq.ft. (70-148 sq.m.) Carpet Area","₹ 79 L - 1.67 Cr₹ 10,468/sq.ft."
197,197,Kolte Patil Life Republic4.4 ★,2 BHK2 Baths,530-889 sq.ft. (49-83 sq.m.) Carpet Area,"₹ 59.07  - 99.08 L₹ 11,140/sq.ft."
198,198,Kolte Patil Life Republic4.4 ★,1 BHK1 Bath,366-470 sq.ft. (34-44 sq.m.) Carpet Area,"₹ 37.1  - 47.64 L₹ 10,129/sq.ft."
199,199,Paranjape Blue Ridge4.4 ★,3 BHK3 Baths,"889-1,366 sq.ft. (83-127 sq.m.) Carpet Area","₹ 76.96 L - 1.18 Cr₹ 8,646/sq.ft."
200,200,Paranjape Blue Ridge4.4 ★,2 BHK3 Baths,794 sq.ft. (74 sq.m.) Carpet Area,"₹ 73.05 L₹ 9,190/sq.ft."
201,201,Rohan Prathama,1 BHK,410 sq.ft. (38 sq.m.) Carpet Area,"₹ 38 L₹ 9,268/sq.ft."
202,202,Sportsville,2 BHK2 Baths,630-631 sq.ft. (59-59 sq.m.) Carpet Area,₹ 57.02  - 57.11 L
203,203,Shapoorji Joyville Sensorium,3 BHK,978 sq.ft. (91 sq.m.) Carpet Area,"₹ 1.04 Cr₹ 10,624/sq.ft."
204,204,Shapoorji Joyville Sensorium,2 BHK2 Baths,536-702 sq.ft. (50-65 sq.m.) Carpet Area,"₹ 67.9  - 72 L₹ 11,455/sq.ft."
205,205,Kasturi Eon Homes4.3 ★,2 BHK2 Baths,721-935 sq.ft. (67-87 sq.m.) Carpet Area,"₹ 73  - 85 L₹ 9,435/sq.ft."
206,206,Kasturi Eon Homes4.3 ★,3 BHK3 Baths,"1,112-1,145 sq.ft. (103-106 sq.m.) Carpet Area","₹ 1.12  - 1.15 Cr₹ 10,057/sq.ft."
207,207,Kasturi Eon Homes4.3 ★,2 BHK2 Baths,721-935 sq.ft. (67-87 sq.m.) Carpet Area,"₹ 65.23  - 85 L₹ 9,076/sq.ft."
208,208,Rohan Prathama,2 BHK,503 sq.ft. (47 sq.m.) Carpet Area,"₹ 59.21 L₹ 11,758/sq.ft."
209,209,Kumar Megapolis4.5 ★,2 BHK2 Baths,"1,078 sq.ft. (100 sq.m.) Super built-up Area","₹ 52 L₹ 4,823/sq.ft."
210,210,Kolte Patil Life Republic4.4 ★,3 BHK3 Baths,"754-1,594 sq.ft. (70-148 sq.m.) Carpet Area","₹ 80 L - 1.59 Cr₹ 10,203/sq.ft."
211,211,Kolte Patil Life Republic4.4 ★,2 BHK2 Baths,650-889 sq.ft. (60-83 sq.m.) Carpet Area,"₹ 50  - 99.08 L₹ 10,651/sq.ft."
212,212,Megapolis Sparklet4.6 ★,1 BHK1 Bath,450 sq.ft. (42 sq.m.) Carpet Area,"₹ 36 L₹ 8,000/sq.ft."
213,213,Kumar Megapolis4.5 ★,2 BHK2 Baths,"1,078-1,124 sq.ft. (100-104 sq.m.) Super built-up Area","₹ 52  - 54.22 L₹ 4,824/sq.ft."
214,214,Rama Melange Residences4.6 ★,2 BHK2 Baths,865 sq.ft. (80 sq.m.) Super built-up Area,"₹ 51 L₹ 5,895/sq.ft."
215,215,Shapoorji Joyville,1 BHK,414-514 sq.ft. (38-48 sq.m.) Carpet Area,"₹ 40  - 49 L₹ 9,595/sq.ft."
216,216,Kolte Patil Life Republic4.4 ★,2 BHK2 Baths,530-719 sq.ft. (49-67 sq.m.) Carpet Area,"₹ 50  - 80 L₹ 10,117/sq.ft."
217,217,Kohinoor Coral,2 BHK2 Baths,493-705 sq.ft. (46-66 sq.m.) Carpet Area,"₹ 44.69  - 52 L₹ 8,214/sq.ft."
218,218,Sportsville,3 BHK3 Baths,793-879 sq.ft. (74-82 sq.m.) Carpet Area,₹ 78.09  - 86.56 L
219,219,Sportsville,2 BHK2 Baths,630-725 sq.ft. (59-67 sq.m.) Carpet Area,₹ 59.15  - 68.07 L
220,220,Sportsville,1 BHK1 Bath,421-479 sq.ft. (39-45 sq.m.) Carpet Area,₹ 39.09  - 44.48 L
221,221,Kolte Patil Life Republic4.4 ★,3 BHK3 Baths,875 sq.ft. (81 sq.m.) Carpet Area,"₹ 72 L₹ 8,228/sq.ft."
222,222,Kolte Patil Life Republic4.4 ★,2 BHK2 Baths,560 sq.ft. (52 sq.m.) Carpet Area,"₹ 46 L₹ 8,212/sq.ft."
223,223,32 Pinewood Drive,2 BHK,606 sq.ft. (56 sq.m.) Carpet Area,"₹ 54 L₹ 8,910/sq.ft."
224,224,Kolte Patil Life Republic4.4 ★,3 BHK3 Baths,"1,197 sq.ft. (111 sq.m.) Carpet Area","₹ 70 L₹ 5,847/sq.ft."
225,225,Kolte Patil Life Republic4.4 ★,2 BHK2 Baths,620 sq.ft. (58 sq.m.) Carpet Area,"₹ 58 L₹ 9,351/sq.ft."
226,226,Kasturi Eon Homes4.3 ★,3 BHK,823 sq.ft. (76 sq.m.) Carpet Area,"₹ 94.12 L₹ 11,424/sq.ft."
227,227,Vaishnavi Homes,1 BHK1 Bath,489 sq.ft. (45 sq.m.) Carpet Area,"₹ 36 L₹ 7,361/sq.ft."
228,228,Vaishnavi Homes,2 BHK,640 sq.ft. (59 sq.m.) Carpet Area,"₹ 62 L₹ 9,687/sq.ft."
229,229,VTP Bellissimo,2 BHK2 Baths,618 sq.ft. (57 sq.m.) Carpet Area,₹ 59.1 L
230,230,VTP Bellissimo,1 BHK1 Bath,467 sq.ft. (43 sq.m.) Carpet Area,₹ 42.09 L
231,231,TCG Cliff Garden,1 BHK1 Bath,461 sq.ft. (43 sq.m.) Carpet Area,₹ 39 L
232,232,Sportsville,1 BHK1 Bath,479 sq.ft. (45 sq.m.) Carpet Area,₹ 39 L
233,233,Shapoorji Joyville Sensorium,2 BHK,702 sq.ft. (65 sq.m.) Carpet Area,"₹ 72 L₹ 10,256/sq.ft."
234,234,Rohan Prathama,2 BHK,544 sq.ft. (51 sq.m.) Carpet Area,"₹ 59 L₹ 10,828/sq.ft."
235,235,Kasturi Eon Homes4.3 ★,2 BHK,721 sq.ft. (67 sq.m.) Carpet Area,"₹ 73 L₹ 10,114/sq.ft."
236,236,Kolte Patil Life Republic4.5 ★,3 BHK3 Baths,875 sq.ft. (81 sq.m.) Carpet Area,"₹ 75 L₹ 8,571/sq.ft."
237,237,Kumar Megapolis4.5 ★,2 BHK2 Baths,"1,078 sq.ft. (100 sq.m.) Super built-up Area","₹ 53.09 L₹ 4,925/sq.ft."
238,238,Paranjape Blue Ridge4.4 ★,3 BHK3 Baths,"1,181 sq.ft. (110 sq.m.) Carpet Area","₹ 1.02 Cr₹ 8,647/sq.ft."
239,239,Paranjape Blue Ridge4.4 ★,2 BHK3 Baths,794 sq.ft. (74 sq.m.) Carpet Area,"₹ 73.05 L₹ 9,190/sq.ft."
240,240,Paranjape Blue Ridge4.4 ★,1 BHK1 Bath,502 sq.ft. (47 sq.m.) Carpet Area,"₹ 45.64 L₹ 9,091/sq.ft."
241,241,Kolte Patil Life Republic4.4 ★,3 BHK3 Baths,822 sq.ft. (76 sq.m.) Carpet Area,"₹ 72 L₹ 8,759/sq.ft."
242,242,Kolte Patil Life Republic4.4 ★,2 BHK2 Baths,650 sq.ft. (60 sq.m.) Carpet Area,"₹ 50 L₹ 7,692/sq.ft."
243,243,VTP Bellissimo,3 BHK3 Baths,"911-1,443 sq.ft. (85-134 sq.m.) Carpet Area",₹ 90.1 L - 1.43 Cr
244,244,VTP Bellissimo,2 BHK2 Baths,618-854 sq.ft. (57-79 sq.m.) Carpet Area,₹ 59.1  - 81.63 L
245,245,VTP Bellissimo,1 BHK1 Bath,467-472 sq.ft. (43-44 sq.m.) Carpet Area,₹ 42.09  - 42.54 L
246,246,Kumar Megapolis4.5 ★,2 BHK2 Baths,"1,078-1,124 sq.ft. (100-104 sq.m.) Super built-up Area","₹ 53.09  - 55.36 L₹ 4,925/sq.ft."
247,247,TCG The Cliff Garden4.3 ★,2 BHK,546 sq.ft. (51 sq.m.) Carpet Area,₹ 50.98 L
248,248,Kumar Megapolis4.5 ★,2 BHK2 Baths,"1,078 sq.ft. (100 sq.m.) Super built-up Area","₹ 52 L₹ 4,823/sq.ft."
249,249,Sportsville,1 BHK1 Bath,421-479 sq.ft. (39-45 sq.m.) Carpet Area,₹ 39.09  - 44.48 L
250,250,Paranjape Blue Ridge4.4 ★,1 BHK1 Bath,502 sq.ft. (47 sq.m.) Carpet Area,"₹ 45.64 L₹ 9,091/sq.ft."
251,251,Sportsville,3 BHK3 Baths,793-879 sq.ft. (74-82 sq.m.) Carpet Area,₹ 78.09  - 86.56 L
252,252,Sportsville,2 BHK2 Baths,630-725 sq.ft. (59-67 sq.m.) Carpet Area,₹ 59.15  - 68.07 L
253,253,Sportsville,1 BHK1 Bath,421 sq.ft. (39 sq.m.) Carpet Area,₹ 39.09 L
254,254,Sportsville,3 BHK3 Baths,793-797 sq.ft. (74-74 sq.m.) Carpet Area,₹ 76.4  - 76.69 L
255,255,Kolte Patil Life Republic4.4 ★,1 BHK1 Bath,410-421 sq.ft. (38-39 sq.m.) Carpet Area,"₹ 37  - 38.08 L₹ 9,024/sq.ft."
256,256,Kolte Patil Life Republic4.5 ★,2 BHK2 Baths,"1,170 sq.ft. (109 sq.m.) Super built-up Area","₹ 55.99 L₹ 4,785/sq.ft."
257,257,Saarrthi Sovereign4.0 ★,2 BHK2 Baths,"1,250 sq.ft. (116 sq.m.) Super built-up Area","₹ 54 L₹ 4,320/sq.ft."
258,258,Cellandine,2 BHK2 Baths,"1,204 sq.ft. (112 sq.m.) Super built-up Area","₹ 51 L₹ 4,235/sq.ft."
259,259,Cellandine,2 BHK2 Baths,"1,155 sq.ft. (107 sq.m.) Super built-up Area","₹ 48 L₹ 4,155/sq.ft."
260,260,Kolte Patil Life Republic4.5 ★,2 BHK2 Baths,901 sq.ft. (84 sq.m.) Super built-up Area,"₹ 52 L₹ 5,771/sq.ft."
261,261,On Request,1 BHK1 Bath,600 sq.ft. (56 sq.m.) Super built-up Area,"₹ 35 L₹ 5,833/sq.ft."
262,262,Kolte Patil Life Republic4.5 ★,3 BHK3 Baths,"1,402 sq.ft. (130 sq.m.) Super built-up Area","₹ 80 L₹ 5,706/sq.ft."
263,263,Kolte Patil Life Republic4.4 ★,1 BHK1 Bath,410 sq.ft. (38 sq.m.) Carpet Area,"₹ 37 L₹ 9,024/sq.ft."
264,264,Kolte Patil Life Republic4.4 ★,1 BHK1 Bath,410 sq.ft. (38 sq.m.) Carpet Area,"₹ 36.5 L₹ 8,902/sq.ft."
265,265,Sheth Beverly Hills,3 BHK3 Baths,"1,750 sq.ft. (163 sq.m.) Built-up Area","₹ 1.3 Cr₹ 7,428/sq.ft."
266,266,Rising Spaces 24k Solitaire Assets,,"6,859 sq.ft. (637 sq.m.) Plot Area","₹ 3.09 Cr₹ 4,500/sq.ft."
267,267,Kolte Patil Life Republic4.5 ★,2 BHK2 Baths,637 sq.ft. (59 sq.m.) Carpet Area,"₹ 50 L₹ 7,846/sq.ft."
268,268,Kolte Patil Life Republic4.4 ★,2 BHK2 Baths,889 sq.ft. (83 sq.m.) Carpet Area,"₹ 62 L₹ 6,974/sq.ft."
269,269,On Request,3 BHK3 Baths,"1,401 sq.ft. (130 sq.m.) Super built-up Area","₹ 78 L₹ 5,567/sq.ft."
270,270,On Request,2 BHK2 Baths,"1,151 sq.ft. (107 sq.m.) Super built-up Area","₹ 60 L₹ 5,212/sq.ft."
271,271,On Request,1 BHK1 Bath,600 sq.ft. (56 sq.m.) Super built-up Area,"₹ 37 L₹ 6,166/sq.ft."
272,272,Kolte Patil Life Republic4.5 ★,3 BHK3 Baths,"1,401 sq.ft. (130 sq.m.) Super built-up Area","₹ 77 L₹ 5,496/sq.ft."
273,273,on request,3 BHK3 Baths,"1,401 sq.ft. (130 sq.m.) Super built-up Area","₹ 75 L₹ 5,353/sq.ft."
274,274,on request,1 BHK1 Bath,585 sq.ft. (54 sq.m.) Super built-up Area,"₹ 32 L₹ 5,470/sq.ft."
275,275,Rama Melange Residences4.6 ★,3 BHK3 Baths,832-963 sq.ft. (77-89 sq.m.) Carpet Area,"₹ 68  - 78.71 L₹ 8,173/sq.ft."
276,276,Hinjewadi ,,"12,912 sq.ft. (1200 sq.m.) Plot Area","₹ 2.07 Cr₹ 1,600/sq.ft."
277,277,Shapoorji Joyville Sensorium,3 BHK3 Baths,"1,028 sq.ft. (96 sq.m.) Super built-up Area","₹ 97.3 L₹ 12,290/sq.ft."
278,278,Shapoorji Joyville Sensorium,2 BHK2 Baths,729 sq.ft. (68 sq.m.) Super built-up Area,"₹ 69.09 L₹ 12,315/sq.ft."
279,279,24K Solitaire Assets,,"2,550 sq.ft. (237 sq.m.) Plot Area","₹ 79.02 L₹ 3,100/sq.ft."
280,280,24K Solitaire Assets,,"2,021 sq.ft. (188 sq.m.) Plot Area","₹ 62.65 L₹ 3,100/sq.ft."
281,281,Pride Purple Park District's Connect,2 BHK2 Baths,646 sq.ft. (60 sq.m.) Carpet Area,"₹ 62 L₹ 9,597/sq.ft."
282,282,Kolte Patil Life Republic4.4 ★,1 BHK,366 sq.ft. (34 sq.m.) Carpet Area,"₹ 35.85 L₹ 9,782/sq.ft."
283,283,Kolte Patil Life Republic4.5 ★,3 BHK3 Baths,"1,700 sq.ft. (158 sq.m.) Super built-up Area","₹ 81.99 L₹ 4,822/sq.ft."
284,284,Kolte Patil Life Republic4.5 ★,2 BHK2 Baths,"1,100 sq.ft. (102 sq.m.) Super built-up Area","₹ 56.99 L₹ 5,180/sq.ft."
285,285,Kolte Patil Life Republic4.4 ★,4 BHK4 Baths,"2,200 sq.ft. (204 sq.m.) Plot Area","₹ 2.2 Cr₹ 10,000/sq.ft."
286,286,Kolte Patil Life Republic4.4 ★,3 BHK3 Baths,"1,250 sq.ft. (116 sq.m.) Super built-up Area","₹ 77 L₹ 6,160/sq.ft."
287,287,on request,3 BHK3 Baths,"1,402 sq.ft. (130 sq.m.) Super built-up Area","₹ 76 L₹ 5,420/sq.ft."
288,288,Paranjape Blue Ridge4.4 ★,1 BHK1 Bath,650 sq.ft. (60 sq.m.) Super built-up Area,"₹ 39 L₹ 6,000/sq.ft."
289,289,Kolte Patil Life Republic4.5 ★,2 BHK2 Baths,637 sq.ft. (59 sq.m.) Carpet Area,"₹ 51 L₹ 8,003/sq.ft."
290,290,TCG The Cliff Garden4.3 ★,3 BHK2 Baths,"1,000 sq.ft. (93 sq.m.) Super built-up Area","₹ 87 L₹ 8,700/sq.ft."
291,291,Paranjape Blue Ridge4.4 ★,2 BHK2 Baths,"1,034 sq.ft. (96 sq.m.) Carpet Area","₹ 89 L₹ 8,607/sq.ft."
292,292,Kolte Patil Life Republic4.4 ★,2 BHK2 Baths,630 sq.ft. (59 sq.m.) Carpet Area,"₹ 59 L₹ 9,365/sq.ft."
293,293,on request,2 BHK2 Baths,"1,200 sq.ft. (111 sq.m.) Super built-up Area","₹ 52 L₹ 4,333/sq.ft."
294,294,Kolte Patil Life Republic4.5 ★,2 BHK2 Baths,"1,198 sq.ft. (111 sq.m.) Super built-up Area","₹ 60 L₹ 5,008/sq.ft."
295,295,Kolte Patil Life Republic4.5 ★,3 BHK3 Baths,"1,960 sq.ft. (182 sq.m.) Super built-up Area","₹ 1.1 Cr₹ 5,612/sq.ft."
296,296,Kolte Patil Life Republic4.5 ★,3 BHK3 Baths,"2,589 sq.ft. (241 sq.m.) Super built-up Area","₹ 1.15 Cr₹ 4,441/sq.ft."
297,297,Paranjape Blue Ridge4.4 ★,1 BHK1 Bath,495 sq.ft. (46 sq.m.) Carpet Area,"₹ 42 L₹ 8,484/sq.ft."
298,298,Paranjape Blue Ridge4.4 ★,1 BHK1 Bath,495 sq.ft. (46 sq.m.) Carpet Area,"₹ 40 L₹ 8,080/sq.ft."
299,299,Paranjape Blue Ridge4.4 ★,1 BHK1 Bath,495 sq.ft. (46 sq.m.) Carpet Area,"₹ 48 L₹ 9,696/sq.ft."
300,300,Paranjape Blue Ridge4.4 ★,1 BHK1 Bath,502 sq.ft. (47 sq.m.) Carpet Area,"₹ 48 L₹ 9,561/sq.ft."
301,301,Paranjape Blue Ridge4.4 ★,3 BHK3 Baths,"1,350 sq.ft. (125 sq.m.) Super built-up Area","₹ 1.26 Cr₹ 9,333/sq.ft."
302,302,Paranjape Blue Ridge4.4 ★,1 BHK1 Bath,495 sq.ft. (46 sq.m.) Carpet Area,"₹ 41 L₹ 8,282/sq.ft."
303,303,Paranjape Blue Ridge4.5 ★,2 BHK2 Baths,740 sq.ft. (69 sq.m.) Carpet Area,"₹ 66 L₹ 8,918/sq.ft."
304,304,Paranjape Blue Ridge4.4 ★,1 BHK1 Bath,502 sq.ft. (47 sq.m.) Carpet Area,"₹ 38 L₹ 7,569/sq.ft."
305,305,Paranjape Blue Ridge4.4 ★,1 BHK1 Bath,900 sq.ft. (84 sq.m.) Built-up Area,"₹ 48 L₹ 5,333/sq.ft."
306,306,Paranjape Blue Ridge4.4 ★,5 BHK4 Baths,"3,200 sq.ft. (297 sq.m.) Built-up Area","₹ 2.5 Cr₹ 7,812/sq.ft."
307,307,Megapolis Sparklet4.6 ★,1 BHK2 Baths,450 sq.ft. (42 sq.m.) Carpet Area,"₹ 39.5 L₹ 8,777/sq.ft."
308,308,Megapolis Sparklet4.6 ★,1 BHK1 Bath,450 sq.ft. (42 sq.m.) Carpet Area,"₹ 39 L₹ 8,666/sq.ft."
309,309,Megapolis Sparklet4.6 ★,2 BHK2 Baths,988 sq.ft. (92 sq.m.) Super built-up Area,"₹ 52 L₹ 5,263/sq.ft."
310,310,Megapolis Sunway4.4 ★,2 BHK2 Baths,"1,007 sq.ft. (94 sq.m.) Super built-up Area","₹ 56 L₹ 5,561/sq.ft."
311,311,Megapolis Sangria Towers4.4 ★,3 BHK3 Baths,"1,495 sq.ft. (139 sq.m.) Super built-up Area","₹ 74 L₹ 4,949/sq.ft."
312,312,Kolte Patil Life Republic4.5 ★,3 BHK3 Baths,"1,401 sq.ft. (130 sq.m.) Super built-up Area","₹ 78 L₹ 5,567/sq.ft."
313,313,on request,1 BHK1 Bath,600 sq.ft. (56 sq.m.) Super built-up Area,"₹ 31 L₹ 5,166/sq.ft."
314,314,on request,2 BHK2 Baths,"1,200 sq.ft. (111 sq.m.) Super built-up Area","₹ 63 L₹ 5,250/sq.ft."
315,315,on request,1 BHK1 Bath,601 sq.ft. (56 sq.m.) Super built-up Area,"₹ 34 L₹ 5,657/sq.ft."
316,316,on request,1 BHK1 Bath,601 sq.ft. (56 sq.m.) Super built-up Area,"₹ 33 L₹ 5,490/sq.ft."
317,317,on request,2 BHK2 Baths,"1,200 sq.ft. (111 sq.m.) Super built-up Area","₹ 60 L₹ 5,000/sq.ft."
318,318,on request,2 BHK2 Baths,"1,200 sq.ft. (111 sq.m.) Super built-up Area","₹ 55 L₹ 4,583/sq.ft."
319,319,32 Pinewood Drive,2 BHK2 Baths,780 sq.ft. (72 sq.m.) Carpet Area,"₹ 58 L₹ 7,435/sq.ft."
320,320,Kasturi Eon Homes4.3 ★,2 BHK2 Baths,935 sq.ft. (87 sq.m.) Carpet Area,"₹ 81 L₹ 8,663/sq.ft."
321,321,Godrej 24,2 BHK2 Baths,710 sq.ft. (66 sq.m.) Carpet Area,"₹ 80 L₹ 11,267/sq.ft."
322,322,Megapolis Sangria Towers4.4 ★,2 BHK2 Baths,899 sq.ft. (84 sq.m.) Carpet Area,"₹ 65 L₹ 7,230/sq.ft."
323,323,Megapolis Sparklet4.6 ★,2 BHK2 Baths,750 sq.ft. (70 sq.m.) Carpet Area,"₹ 52 L₹ 6,933/sq.ft."
324,324,Paranjape Blue Ridge4.4 ★,2 BHK2 Baths,"1,034 sq.ft. (96 sq.m.) Carpet Area","₹ 90 L₹ 8,704/sq.ft."
325,325,Paranjape Blue Ridge4.4 ★,3 BHK3 Baths,"1,125 sq.ft. (105 sq.m.) Carpet Area","₹ 1.07 Cr₹ 9,511/sq.ft."
326,326,Paranjape Blue Ridge4.4 ★,2 BHK2 Baths,"1,040 sq.ft. (97 sq.m.) Carpet Area","₹ 93 L₹ 8,942/sq.ft."
327,327,Megapolis Sangria Towers4.4 ★,3 BHK3 Baths,"1,205 sq.ft. (112 sq.m.) Carpet Area","₹ 77 L₹ 6,390/sq.ft."
328,328,Megapolis Sangria Towers4.4 ★,3 BHK2 Baths,"1,040 sq.ft. (97 sq.m.) Carpet Area","₹ 67 L₹ 6,442/sq.ft."
329,329,Godrej 24,1 BHK2 Baths,930 sq.ft. (86 sq.m.) Super built-up Area,"₹ 45 L₹ 4,838/sq.ft."
330,330,TCG The Cliff Garden4.3 ★,2 BHK2 Baths,"1,142 sq.ft. (106 sq.m.) Super built-up Area","₹ 56 L₹ 4,903/sq.ft."
331,331,New World Tinsel Town4.4 ★,1 BHK2 Baths,975 sq.ft. (91 sq.m.) Super built-up Area,"₹ 34 L₹ 3,487/sq.ft."
332,332,Kohinoor Tinsel County4.4 ★,1 BHK2 Baths,906 sq.ft. (84 sq.m.) Super built-up Area,"₹ 30.21 L₹ 3,334/sq.ft."
333,333,Rama Melange Residences4.6 ★,1 BHK2 Baths,"1,189 sq.ft. (110 sq.m.) Super built-up Area","₹ 31.35 L₹ 2,637/sq.ft."
334,334,Rama Fusion Towers,1 BHK2 Baths,906 sq.ft. (84 sq.m.) Super built-up Area,"₹ 31.18 L₹ 3,441/sq.ft."
335,335,Rama Fusion Towers,2 BHK2 Baths,"1,100 sq.ft. (102 sq.m.) Super built-up Area","₹ 46 L₹ 4,181/sq.ft."
336,336,Kohinoor Tinsel County4.4 ★,2 BHK2 Baths,"1,105 sq.ft. (103 sq.m.) Super built-up Area","₹ 47.53 L₹ 4,301/sq.ft."
337,337,Kolte Patil Life Republic4.5 ★,3 BHK3 Baths,"1,188 sq.ft. (110 sq.m.) Carpet Area","₹ 76 L₹ 6,397/sq.ft."
338,338,Kolte Patil Life Republic4.5 ★,3 BHK3 Baths,"1,287 sq.ft. (120 sq.m.) Carpet Area","₹ 77 L₹ 5,982/sq.ft."
339,339,Kolte Patil Life Republic4.5 ★,1 BHK1 Bath,650 sq.ft. (60 sq.m.) Super built-up Area,"₹ 33 L₹ 7,300/sq.ft."
340,340,Kolte Patil Life Republic4.5 ★,3 BHK3 Baths,"1,188 sq.ft. (110 sq.m.) Carpet Area","₹ 78 L₹ 6,565/sq.ft."
341,341,32 Pinewood Drive,2 BHK2 Baths,"1,100 sq.ft. (102 sq.m.) Super built-up Area","₹ 55.7 L₹ 5,063/sq.ft."
342,342,Godrej Elements,3 BHK3 Baths,940 sq.ft. (87 sq.m.) Carpet Area,"₹ 1.15 Cr₹ 12,234/sq.ft."
343,343,On Request,2 BHK2 Baths,932 sq.ft. (87 sq.m.) Super built-up Area,"₹ 55 L₹ 5,902/sq.ft."
344,344,On Request,3 BHK3 Baths,"1,550 sq.ft. (144 sq.m.) Super built-up Area","₹ 73 L₹ 4,709/sq.ft."
345,345,On request,2 BHK2 Baths,837 sq.ft. (78 sq.m.) Super built-up Area,"₹ 60 L₹ 7,168/sq.ft."
346,346,On request,1 BHK1 Bath,450 sq.ft. (42 sq.m.) Super built-up Area,"₹ 37 L₹ 8,000/sq.ft."
347,347,On request,1 BHK1 Bath,620 sq.ft. (58 sq.m.) Super built-up Area,"₹ 35 L₹ 5,645/sq.ft."
348,348,on request,2 BHK2 Baths,"1,190 sq.ft. (111 sq.m.) Super built-up Area","₹ 54 L₹ 4,790/sq.ft."
349,349,on request,2 BHK2 Baths,837 sq.ft. (78 sq.m.) Carpet Area,"₹ 53 L₹ 6,691/sq.ft."
350,350,on request,1 BHK1 Bath,587 sq.ft. (55 sq.m.) Super built-up Area,"₹ 29 L₹ 5,792/sq.ft."
351,351,on request,1 BHK1 Bath,775 sq.ft. (72 sq.m.) Super built-up Area,"₹ 33 L₹ 5,033/sq.ft."
352,352,on request,1 BHK1 Bath,450 sq.ft. (42 sq.m.) Super built-up Area,"₹ 29 L₹ 7,556/sq.ft."
353,353,Kumar Megapolis4.5 ★,2 BHK2 Baths,"1,078 sq.ft. (100 sq.m.) Super built-up Area","₹ 52 L₹ 4,823/sq.ft."
354,354,Paranjape Blue Ridge4.4 ★,2 BHK2 Baths,"1,198 sq.ft. (111 sq.m.) Super built-up Area","₹ 1.05 Cr₹ 8,764/sq.ft."
355,355,Paranjape Blue Ridge4.4 ★,2 BHK2 Baths,"1,221 sq.ft. (113 sq.m.) Super built-up Area","₹ 95 L₹ 7,780/sq.ft."
356,356,Paranjape Blue Ridge4.4 ★,2 BHK2 Baths,"1,333 sq.ft. (124 sq.m.) Super built-up Area","₹ 1 Cr₹ 7,501/sq.ft."
357,357,Paranjape Blue Ridge4.4 ★,1 BHK1 Bath,620 sq.ft. (58 sq.m.) Super built-up Area,"₹ 40 L₹ 6,451/sq.ft."
358,358,Paranjape Blue Ridge4.4 ★,1 BHK1 Bath,610 sq.ft. (57 sq.m.) Super built-up Area,"₹ 38.5 L₹ 6,311/sq.ft."
359,359,Paranjape Blue Ridge4.4 ★,1 BHK1 Bath,620 sq.ft. (58 sq.m.) Super built-up Area,"₹ 38 L₹ 6,129/sq.ft."
360,360,Paranjape Blue Ridge4.4 ★,1 BHK1 Bath,610 sq.ft. (57 sq.m.) Super built-up Area,"₹ 39 L₹ 6,393/sq.ft."
361,361,Achalare Citrine,2 BHK2 Baths,664 sq.ft. (62 sq.m.) Carpet Area,"₹ 46 L₹ 6,927/sq.ft."
362,362,Pegasus Megapolis Mystic4.1 ★,2 BHK2 Baths,701 sq.ft. (65 sq.m.) Carpet Area,"₹ 54.55 L₹ 7,703/sq.ft."
363,363,Kumar Megapolis4.5 ★,2 BHK2 Baths,700 sq.ft. (65 sq.m.) Carpet Area,"₹ 58 L₹ 8,285/sq.ft."
364,364,Kolte Patil Life Republic4.5 ★,3 BHK3 Baths,"1,280 sq.ft. (119 sq.m.) Carpet Area","₹ 74 L₹ 5,781/sq.ft."
365,365,Kolte Patil Life Republic4.5 ★,3 BHK3 Baths,"1,280 sq.ft. (119 sq.m.) Carpet Area","₹ 75 L₹ 5,859/sq.ft."
366,366,Kolte Patil Life Republic4.5 ★,2 BHK2 Baths,850 sq.ft. (79 sq.m.) Carpet Area,"₹ 57 L₹ 6,705/sq.ft."
367,367,Kolte Patil Life Republic4.5 ★,2 BHK2 Baths,889 sq.ft. (83 sq.m.) Carpet Area,"₹ 58 L₹ 6,524/sq.ft."
368,368,Kolte Patil Life Republic4.5 ★,1 BHK1 Bath,457 sq.ft. (42 sq.m.) Carpet Area,"₹ 32 L₹ 7,002/sq.ft."
369,369,Kolte Patil Life Republic4.5 ★,2 BHK2 Baths,889 sq.ft. (83 sq.m.) Carpet Area,"₹ 59 L₹ 6,636/sq.ft."
370,370,on request,2 BHK2 Baths,850 sq.ft. (79 sq.m.) Carpet Area,"₹ 53 L₹ 6,235/sq.ft."
371,371,on request,3 BHK3 Baths,"1,280 sq.ft. (119 sq.m.) Carpet Area","₹ 76 L₹ 5,937/sq.ft."
372,372,on request,2 BHK2 Baths,850 sq.ft. (79 sq.m.) Carpet Area,"₹ 57 L₹ 6,705/sq.ft."
373,373,Kasturi Eon Homes4.3 ★,3 BHK3 Baths,"1,282 sq.ft. (119 sq.m.) Carpet Area","₹ 1.3 Cr₹ 10,140/sq.ft."
374,374,Paranjape Blue Ridge4.4 ★,3 BHK3 Baths,"1,350 sq.ft. (125 sq.m.) Carpet Area","₹ 1.15 Cr₹ 8,518/sq.ft."
375,375,on request,3 BHK3 Baths,"1,495 sq.ft. (139 sq.m.) Super built-up Area","₹ 1.09 Cr₹ 7,290/sq.ft."
376,376,Sheth Beverly Hills,2 BHK2 Baths,"1,203 sq.ft. (112 sq.m.) Super built-up Area","₹ 76 L₹ 6,317/sq.ft."
377,377,Kolte Patil Life Republic4.5 ★,2 BHK2 Baths,850 sq.ft. (79 sq.m.) Carpet Area,"₹ 62.5 L₹ 7,352/sq.ft."
378,378,Kasturi Eon Homes4.1 ★,2 BHK2 Baths,824 sq.ft. (77 sq.m.) Carpet Area,"₹ 80 L₹ 9,708/sq.ft."
379,379,Kasturi Eon Homes4.3 ★,2 BHK2 Baths,824 sq.ft. (77 sq.m.) Carpet Area,"₹ 79 L₹ 9,587/sq.ft."
380,380,Sheth Beverly Hills,2 BHK2 Baths,"1,203 sq.ft. (112 sq.m.) Super built-up Area","₹ 75 L₹ 6,234/sq.ft."
381,381,Kolte Patil Life Republic4.5 ★,3 BHK3 Baths,754-991 sq.ft. (70-92 sq.m.) Carpet Area,"₹ 75.1 L - 1.08 Cr₹ 10,574/sq.ft."
382,382,Kolte Patil Life Republic4.5 ★,2 BHK2 Baths,530-889 sq.ft. (49-83 sq.m.) Carpet Area,"₹ 58.95  - 99.08 L₹ 10,938/sq.ft."
383,383,Kolte Patil Life Republic4.5 ★,1 BHK1 Bath,410-470 sq.ft. (38-44 sq.m.) Carpet Area,"₹ 42.66  - 47.51 L₹ 10,296/sq.ft."
384,384,Shapoorji Joyville,2 BHK2 Baths,508-770 sq.ft. (47-72 sq.m.) Carpet Area,"₹ 65  - 98.52 L₹ 12,787/sq.ft."
385,385,Shapoorji Joyville,1 BHK,414 sq.ft. (38 sq.m.) Carpet Area,"₹ 40 L₹ 9,657/sq.ft."
386,386,ITrend Homes3.7 ★,2 BHK2 Baths,562-606 sq.ft. (52-56 sq.m.) Carpet Area,₹ 51  - 55 L
387,387,ITrend Homes3.7 ★,1 BHK2 Baths,500 sq.ft. (46 sq.m.) Carpet Area,₹ 42 L
388,388,32 Pinewood Drive,3 BHK,792 sq.ft. (74 sq.m.) Carpet Area,"₹ 75 L₹ 9,469/sq.ft."
389,389,32 Pinewood Drive,2 BHK,606 sq.ft. (56 sq.m.) Carpet Area,"₹ 54 L₹ 8,910/sq.ft."
390,390,TCG Cliff Garden,2 BHK2 Baths,658-742 sq.ft. (61-69 sq.m.) Carpet Area,₹ 55.5  - 62.6 L
391,391,Kolte Patil R10 at Life Republic,2 BHK2 Baths,577 sq.ft. (54 sq.m.) Carpet Area,₹ 57 L
392,392,Kolte Patil R10 at Life Republic,1 BHK2 Baths,406 sq.ft. (38 sq.m.) Carpet Area,₹ 40 L
393,393,Kolte Patil Life Republic4.4 ★,2 BHK2 Baths,660-839 sq.ft. (61-78 sq.m.) Carpet Area,"₹ 73.56  - 93.51 L₹ 11,145/sq.ft."
394,394,Paranjape Blue Ridge4.5 ★,3 BHK3 Baths,"1,098 sq.ft. (102 sq.m.) Carpet Area","₹ 94.94 L₹ 8,643/sq.ft."
395,395,Paranjape Blue Ridge4.5 ★,2 BHK,794-937 sq.ft. (74-87 sq.m.) Carpet Area,"₹ 73.05  - 86.1 L₹ 9,187/sq.ft."
396,396,Rahul Aston,3 BHK3 Baths,940 sq.ft. (87 sq.m.) Carpet Area,₹ 90.2 L
397,397,Rahul Aston,2 BHK2 Baths,827 sq.ft. (77 sq.m.) Carpet Area,₹ 73 L
398,398,Kolte Patil R16 at Life Republic,2 BHK2 Baths,637-649 sq.ft. (59-60 sq.m.) Carpet Area,"₹ 47  - 47.88 L₹ 7,374/sq.ft."
399,399,Mittal Pebbles High Mont4.1 ★,3 BHK,835 sq.ft. (78 sq.m.) Carpet Area,"₹ 80.71 L₹ 9,656/sq.ft."
400,400,Mittal Pebbles High Mont4.1 ★,2 BHK2 Baths,569 sq.ft. (53 sq.m.) Carpet Area,"₹ 55 L₹ 9,666/sq.ft."
401,401,Paranjape Blue Ridge4.4 ★,3 BHK3 Baths,889 sq.ft. (83 sq.m.) Carpet Area,"₹ 95.56 L₹ 10,740/sq.ft."
402,402,Paranjape Blue Ridge4.4 ★,2 BHK2 Baths,688 sq.ft. (64 sq.m.) Carpet Area,"₹ 80.86 L₹ 11,737/sq.ft."
403,403,Paranjape Blue Ridge4.4 ★,1 BHK1 Bath,495 sq.ft. (46 sq.m.) Carpet Area,"₹ 50 L₹ 10,102/sq.ft."
404,404,Kumar Megapolis4.5 ★,3 BHK3 Baths,"1,485 sq.ft. (138 sq.m.) Super built-up Area","₹ 70.26 L₹ 4,731/sq.ft."
405,405,Kumar Megapolis4.5 ★,2 BHK2 Baths,"1,078-1,124 sq.ft. (100-104 sq.m.) Super built-up Area","₹ 51  - 53.18 L₹ 4,731/sq.ft."
406,406,Park Astra,2 BHK2 Baths,537 sq.ft. (50 sq.m.) Carpet Area,"₹ 49 L₹ 9,115/sq.ft."
407,407,Kasturi Eon Homes4.1 ★,2 BHK2 Baths,721-935 sq.ft. (67-87 sq.m.) Carpet Area,"₹ 73.67  - 95.54 L₹ 10,212/sq.ft."
408,408,TCG Cliff Garden,2 BHK2 Baths,658-742 sq.ft. (61-69 sq.m.) Carpet Area,₹ 52.25  - 59.2 L
409,409,Rohan Ipsita,2 BHK2 Baths,482-645 sq.ft. (45-60 sq.m.) Carpet Area,₹ 48.2 L Onwards
410,410,Rohan Ipsita,1 BHK1 Bath,303-384 sq.ft. (28-36 sq.m.) Carpet Area,₹ 35.74 L Onwards
411,411,32 Pinewood Drive,3 BHK,792 sq.ft. (74 sq.m.) Carpet Area,"₹ 75 L₹ 9,469/sq.ft."
412,412,32 Pinewood Drive,2 BHK,606 sq.ft. (56 sq.m.) Carpet Area,"₹ 54 L₹ 8,910/sq.ft."
413,413,Paranjape Trident Towers,2 BHK2 Baths,519 sq.ft. (48 sq.m.) Carpet Area,"₹ 61 L₹ 11,735/sq.ft."
414,414,Pride Purple Park Connect,3 BHK,700 sq.ft. (65 sq.m.) Carpet Area,"₹ 82 L₹ 11,714/sq.ft."
415,415,Pride Purple Park Connect,2 BHK2 Baths,490-625 sq.ft. (46-58 sq.m.) Carpet Area,"₹ 60  - 76.23 L₹ 12,208/sq.ft."
416,416,Rohan Prathama,2 BHK,503-563 sq.ft. (47-52 sq.m.) Carpet Area,"₹ 59.21  - 66.14 L₹ 11,751/sq.ft."
417,417,Rohan Prathama,1 BHK,410 sq.ft. (38 sq.m.) Carpet Area,"₹ 47.65 L₹ 11,621/sq.ft."
418,418,Rahul Aston,2 BHK2 Baths,827 sq.ft. (77 sq.m.) Carpet Area,₹ 73 L
419,419,Kolte Patil R16 at Life Republic,2 BHK2 Baths,637-649 sq.ft. (59-60 sq.m.) Carpet Area,"₹ 47  - 47.88 L₹ 7,374/sq.ft."
420,420,Mittal Pebbles High Mont4.1 ★,3 BHK,835 sq.ft. (78 sq.m.) Carpet Area,"₹ 80.71 L₹ 9,656/sq.ft."
421,421,Mittal Pebbles High Mont4.1 ★,2 BHK2 Baths,569 sq.ft. (53 sq.m.) Carpet Area,"₹ 55 L₹ 9,666/sq.ft."
422,422,Paranjape Blue Ridge4.4 ★,3 BHK3 Baths,889 sq.ft. (83 sq.m.) Carpet Area,"₹ 95.56 L₹ 10,740/sq.ft."
423,423,Paranjape Blue Ridge4.4 ★,2 BHK2 Baths,688 sq.ft. (64 sq.m.) Carpet Area,"₹ 80.86 L₹ 11,737/sq.ft."
424,424,Paranjape Blue Ridge4.4 ★,1 BHK1 Bath,495 sq.ft. (46 sq.m.) Carpet Area,"₹ 50 L₹ 10,102/sq.ft."
425,425,Kumar Megapolis4.5 ★,3 BHK3 Baths,"1,485 sq.ft. (138 sq.m.) Super built-up Area","₹ 70.26 L₹ 4,731/sq.ft."
426,426,Kumar Megapolis4.5 ★,2 BHK2 Baths,"1,078-1,124 sq.ft. (100-104 sq.m.) Super built-up Area","₹ 51  - 53.18 L₹ 4,731/sq.ft."
427,427,Park Astra,2 BHK2 Baths,537 sq.ft. (50 sq.m.) Carpet Area,"₹ 49 L₹ 9,115/sq.ft."
428,428,Kasturi Eon Homes4.1 ★,2 BHK2 Baths,721-935 sq.ft. (67-87 sq.m.) Carpet Area,"₹ 73.67  - 95.54 L₹ 10,212/sq.ft."
429,429,TCG Cliff Garden,2 BHK2 Baths,658-742 sq.ft. (61-69 sq.m.) Carpet Area,₹ 52.25  - 59.2 L
430,430,Rohan Ipsita,2 BHK2 Baths,482-645 sq.ft. (45-60 sq.m.) Carpet Area,₹ 48.2 L Onwards
431,431,Rohan Ipsita,1 BHK1 Bath,303-384 sq.ft. (28-36 sq.m.) Carpet Area,₹ 35.74 L Onwards
432,432,32 Pinewood Drive,3 BHK,792 sq.ft. (74 sq.m.) Carpet Area,"₹ 75 L₹ 9,469/sq.ft."
433,433,32 Pinewood Drive,2 BHK,606 sq.ft. (56 sq.m.) Carpet Area,"₹ 54 L₹ 8,910/sq.ft."
434,434,Paranjape Trident Towers,2 BHK2 Baths,519 sq.ft. (48 sq.m.) Carpet Area,"₹ 61 L₹ 11,735/sq.ft."
435,435,Pride Purple Park Connect,3 BHK,700 sq.ft. (65 sq.m.) Carpet Area,"₹ 82 L₹ 11,714/sq.ft."
436,436,Pride Purple Park Connect,2 BHK2 Baths,490-625 sq.ft. (46-58 sq.m.) Carpet Area,"₹ 60  - 76.23 L₹ 12,208/sq.ft."
437,437,Rohan Prathama,2 BHK,503-563 sq.ft. (47-52 sq.m.) Carpet Area,"₹ 59.21  - 66.14 L₹ 11,751/sq.ft."
438,438,Rohan Prathama,1 BHK,410 sq.ft. (38 sq.m.) Carpet Area,"₹ 47.65 L₹ 11,621/sq.ft."
439,439,Shapoorji Joyville,2 BHK,655 sq.ft. (61 sq.m.) Carpet Area,"₹ 63.08 L₹ 9,630/sq.ft."
440,440,Shapoorji Joyville,1 BHK,414 sq.ft. (38 sq.m.) Carpet Area,"₹ 40.36 L₹ 9,744/sq.ft."
441,441,ITrend Homes3.9 ★,1 BHK2 Baths,500 sq.ft. (46 sq.m.) Carpet Area,₹ 42 L
442,442,Menlo Homes,2 BHK2 Baths,684 sq.ft. (64 sq.m.) Carpet Area,"₹ 48.8 L₹ 7,134/sq.ft."
443,443,Kolte Patil Life Republic4.5 ★,2 BHK2 Baths,916 sq.ft. (85 sq.m.) Carpet Area,"₹ 70 L₹ 7,641/sq.ft."
444,444,Kolte Patil Life Republic4.5 ★,2 BHK2 Baths,800 sq.ft. (74 sq.m.) Carpet Area,"₹ 65 L₹ 8,125/sq.ft."
445,445,Kolte Patil Life Republic4.5 ★,3 BHK3 Baths,"1,287 sq.ft. (120 sq.m.) Carpet Area","₹ 79 L₹ 6,138/sq.ft."
446,446,Kolte Patil Life Republic4.5 ★,3 BHK3 Baths,"1,170 sq.ft. (109 sq.m.) Carpet Area","₹ 82.5 L₹ 7,051/sq.ft."
447,447,Kolte Patil Life Republic4.5 ★,1 BHK1 Bath,455 sq.ft. (42 sq.m.) Carpet Area,"₹ 35 L₹ 7,692/sq.ft."
448,448,Kolte Patil Life Republic4.5 ★,1 BHK1 Bath,460 sq.ft. (43 sq.m.) Carpet Area,"₹ 40 L₹ 8,695/sq.ft."
449,449,Kolte Patil Life Republic4.5 ★,2 BHK2 Baths,916 sq.ft. (85 sq.m.) Carpet Area,"₹ 65 L₹ 7,096/sq.ft."
450,450,Kolte Patil Life Republic4.5 ★,1 BHK1 Bath,455 sq.ft. (42 sq.m.) Carpet Area,"₹ 33 L₹ 7,252/sq.ft."
451,451,Kolte Patil Life Republic4.5 ★,2 BHK2 Baths,799 sq.ft. (74 sq.m.) Carpet Area,"₹ 54.5 L₹ 6,821/sq.ft."
452,452,Kolte Patil Life Republic4.5 ★,3 BHK3 Baths,"1,188 sq.ft. (110 sq.m.) Carpet Area","₹ 74.8 L₹ 6,296/sq.ft."
453,453,Kolte Patil Life Republic4.5 ★,3 BHK3 Baths,"1,188 sq.ft. (110 sq.m.) Carpet Area","₹ 77 L₹ 6,481/sq.ft."
454,454,Kolte Patil Life Republic4.5 ★,3 BHK3 Baths,"1,287 sq.ft. (120 sq.m.) Carpet Area","₹ 73.5 L₹ 5,710/sq.ft."
455,455,Sheth Beverly Hills,1 BHK1 Bath,720 sq.ft. (67 sq.m.) Built-up Area,"₹ 45 L₹ 6,250/sq.ft."
456,456,Paranjape Blue Ridge4.4 ★,3 BHK3 Baths,"1,107 sq.ft. (103 sq.m.) Carpet Area","₹ 1 Cr₹ 9,033/sq.ft."
457,457,Paranjape Blue Ridge4.4 ★,1 BHK1 Bath,495 sq.ft. (46 sq.m.) Carpet Area,"₹ 37 L₹ 7,474/sq.ft."
458,458,on request,3 BHK3 Baths,"1,171 sq.ft. (109 sq.m.) Super built-up Area","₹ 76.5 L₹ 6,532/sq.ft."
459,459,on request,3 BHK3 Baths,"1,401 sq.ft. (130 sq.m.) Super built-up Area","₹ 77.5 L₹ 5,531/sq.ft."
460,460,on request,1 BHK1 Bath,601 sq.ft. (56 sq.m.) Super built-up Area,"₹ 32 L₹ 5,324/sq.ft."
461,461,on request,1 BHK1 Bath,601 sq.ft. (56 sq.m.) Super built-up Area,"₹ 31.5 L₹ 5,241/sq.ft."
462,462,on request,1 BHK1 Bath,602 sq.ft. (56 sq.m.) Super built-up Area,"₹ 35 L₹ 5,813/sq.ft."
463,463,on request,1 BHK1 Bath,601 sq.ft. (56 sq.m.) Super built-up Area,"₹ 36 L₹ 5,990/sq.ft."
464,464,on request,3 BHK3 Baths,"1,401 sq.ft. (130 sq.m.) Super built-up Area","₹ 78 L₹ 5,567/sq.ft."
465,465,on request,2 BHK2 Baths,750 sq.ft. (70 sq.m.) Carpet Area,"₹ 55 L₹ 7,333/sq.ft."
466,466,SBM Aviva,1 BHK1 Bath,455 sq.ft. (42 sq.m.) Carpet Area,"₹ 42.28 L₹ 9,292/sq.ft."
467,467,Megapolis Sangria Hinjewadi,2 BHK2 Baths,"1,118 sq.ft. (104 sq.m.) Built-up Area","₹ 63 L₹ 5,635/sq.ft."
468,468,Godrej 24,2 BHK2 Baths,702 sq.ft. (65 sq.m.) Carpet Area,"₹ 75 L₹ 10,683/sq.ft."
469,469,Park Astra,3 BHK3 Baths,807 sq.ft. (75 sq.m.) Carpet Area,"₹ 65 L₹ 8,052/sq.ft."
470,470,ITrend Homes3.9 ★,2 BHK,628 sq.ft. (58 sq.m.) Carpet Area,₹ 51 L
471,471,Park Astra,3 BHK3 Baths,807 sq.ft. (75 sq.m.) Carpet Area,"₹ 65 L₹ 8,052/sq.ft."
472,472,ITrend Homes3.9 ★,2 BHK,628 sq.ft. (58 sq.m.) Carpet Area,₹ 51 L
473,473,32 Pinewood Drive,3 BHK,792 sq.ft. (74 sq.m.) Carpet Area,"₹ 75 L₹ 9,469/sq.ft."
474,474,Silicon Elite,1 BHK1 Bath,602 sq.ft. (56 sq.m.) Built-up Area,"₹ 40 L₹ 6,644/sq.ft."
475,475,Kolte Patil Life Republic4.5 ★ ,1 BHK1 Bath,590 sq.ft. (55 sq.m.) Built-up Area,"₹ 40 L₹ 6,779/sq.ft."
476,476,Rama Melange Residences4.6 ★ ,2 BHK2 Baths,730 sq.ft. (68 sq.m.) Super built-up Area,"₹ 58 L₹ 7,945/sq.ft."
477,477,Xerbia Apartments,1 BHK1 Bath,315 sq.ft. (29 sq.m.) Carpet Area,"₹ 18 L₹ 5,714/sq.ft."
478,478,HubTech Bunglow Plots,3 BHK4 Baths,"3,000 sq.ft. (279 sq.m.) Plot Area","₹ 2.5 Cr₹ 8,333/sq.ft."
479,479,Xrbia Hinjewadi4.2 ★ ,2 BHK2 Baths,600 sq.ft. (56 sq.m.) Built-up Area,"₹ 30 L₹ 5,000/sq.ft."
480,480,garve akshara park,1 BHK1 Bath,391 sq.ft. (36 sq.m.) Carpet Area,"₹ 28 L₹ 7,161/sq.ft."
481,481,Kolte Patil Life Republic4.4 ★ ,1 BHK1 Bath,650 sq.ft. (60 sq.m.) Built-up Area,"₹ 37 L₹ 5,692/sq.ft."
482,482,Kolte Patil Life Republic4.4 ★ ,1 BHK1 Bath,585 sq.ft. (54 sq.m.) Built-up Area,"₹ 46 L₹ 7,863/sq.ft."
483,483,hinjawadi hills xrbia society,3 BHK2 Baths,800 sq.ft. (74 sq.m.) Super built-up Area,"₹ 40 L₹ 4,375/sq.ft."
484,484,Life Republic I Tower,1 BHK1 Bath,590 sq.ft. (55 sq.m.) Built-up Area,"₹ 35 L₹ 5,932/sq.ft."
485,485,Megapolis Sunway4.4 ★ ,2 BHK2 Baths,"1,007 sq.ft. (94 sq.m.) Super built-up Area","₹ 60 L₹ 5,958/sq.ft."
486,486,SBM Aviva,1 BHK1 Bath,450 sq.ft. (42 sq.m.) Carpet Area,"₹ 40 L₹ 8,888/sq.ft."
487,487,xrbia hills chs,2 BHK2 Baths,600 sq.ft. (56 sq.m.) Super built-up Area,"₹ 30 L₹ 5,000/sq.ft."
488,488,Geras Adara,1 BHK1 Bath,350 sq.ft. (33 sq.m.) Carpet Area,"₹ 42 L₹ 12,000/sq.ft."
489,489,Xrbia Hinjewadi Road4.2 ★ ,2 BHK2 Baths,585 sq.ft. (54 sq.m.) Super built-up Area,"₹ 32 L₹ 5,470/sq.ft."
490,490,Sagar Accord,1 BHK1 Bath,490 sq.ft. (46 sq.m.) Carpet Area,"₹ 47 L₹ 9,591/sq.ft."
491,491,Gurukrupa Residency3.9 ★ ,1 BHK1 Bath,600 sq.ft. (56 sq.m.) Super built-up Area,"₹ 33 L₹ 5,500/sq.ft."
492,492,Rama Air Castles4.5 ★ ,2 BHK2 Baths,837 sq.ft. (78 sq.m.) Super built-up Area,"₹ 52 L₹ 6,212/sq.ft."
493,493,Mittal Pebbles High Mont4.1 ★ ,2 BHK2 Baths,750 sq.ft. (70 sq.m.) Built-up Area,"₹ 60 L₹ 8,000/sq.ft."
494,494,Silicon Elite,1 BHK1 Bath,602 sq.ft. (56 sq.m.) Built-up Area,"₹ 40 L₹ 6,644/sq.ft."
495,495,Kolte Patil Life Republic4.5 ★ ,1 BHK1 Bath,590 sq.ft. (55 sq.m.) Built-up Area,"₹ 40 L₹ 6,779/sq.ft."
496,496,Rama Melange Residences4.6 ★ ,2 BHK2 Baths,730 sq.ft. (68 sq.m.) Super built-up Area,"₹ 58 L₹ 7,945/sq.ft."
497,497,Xerbia Apartments,1 BHK1 Bath,315 sq.ft. (29 sq.m.) Carpet Area,"₹ 18 L₹ 5,714/sq.ft."
498,498,Park Astra,,,
499,499,ITrend Homes3.9 ★,,,
500,500,HubTech Bunglow Plots,3 BHK4 Baths,"3,000 sq.ft. (279 sq.m.) Plot Area","₹ 2.5 Cr₹ 8,333/sq.ft."
501,501,Xrbia Hinjewadi4.2 ★ ,2 BHK2 Baths,600 sq.ft. (56 sq.m.) Built-up Area,"₹ 30 L₹ 5,000/sq.ft."
502,502,32 Pinewood Drive,,,
503,503,garve akshara park,1 BHK1 Bath,391 sq.ft. (36 sq.m.) Carpet Area,"₹ 28 L₹ 7,161/sq.ft."
504,504,Kolte Patil Life Republic4.4 ★ ,1 BHK1 Bath,650 sq.ft. (60 sq.m.) Built-up Area,"₹ 37 L₹ 5,692/sq.ft."
505,505,Kolte Patil Life Republic4.4 ★ ,1 BHK1 Bath,585 sq.ft. (54 sq.m.) Built-up Area,"₹ 46 L₹ 7,863/sq.ft."
506,506,hinjawadi hills xrbia society,3 BHK2 Baths,800 sq.ft. (74 sq.m.) Super built-up Area,"₹ 40 L₹ 4,375/sq.ft."
507,507,Life Republic I Tower,1 BHK1 Bath,590 sq.ft. (55 sq.m.) Built-up Area,"₹ 35 L₹ 5,932/sq.ft."
508,508,Megapolis Sunway4.4 ★ ,2 BHK2 Baths,"1,007 sq.ft. (94 sq.m.) Super built-up Area","₹ 60 L₹ 5,958/sq.ft."
509,509,SBM Aviva,1 BHK1 Bath,450 sq.ft. (42 sq.m.) Carpet Area,"₹ 40 L₹ 8,888/sq.ft."
510,510,xrbia hills chs,2 BHK2 Baths,600 sq.ft. (56 sq.m.) Super built-up Area,"₹ 30 L₹ 5,000/sq.ft."
511,511,Geras Adara,1 BHK1 Bath,350 sq.ft. (33 sq.m.) Carpet Area,"₹ 42 L₹ 12,000/sq.ft."
512,512,Mittal Pebbles High Mont4.1 ★,,,
513,513,Xrbia Hinjewadi Road4.2 ★ ,2 BHK2 Baths,585 sq.ft. (54 sq.m.) Super built-up Area,"₹ 32 L₹ 5,470/sq.ft."
514,514,Sagar Accord,1 BHK1 Bath,490 sq.ft. (46 sq.m.) Carpet Area,"₹ 47 L₹ 9,591/sq.ft."
515,515,Gurukrupa Residency3.9 ★ ,1 BHK1 Bath,600 sq.ft. (56 sq.m.) Super built-up Area,"₹ 33 L₹ 5,500/sq.ft."
516,516,Rama Air Castles4.5 ★ ,2 BHK2 Baths,837 sq.ft. (78 sq.m.) Super built-up Area,"₹ 52 L₹ 6,212/sq.ft."
517,517,Mittal Pebbles High Mont4.1 ★ ,2 BHK2 Baths,750 sq.ft. (70 sq.m.) Built-up Area,"₹ 60 L₹ 8,000/sq.ft."
518,518,dewdrops sakharewasti road,1 BHK1 Bath,475 sq.ft. (44 sq.m.) Super built-up Area,"₹ 42 L₹ 8,842/sq.ft."
519,519,Godrej 24,2 BHK2 Baths,702 sq.ft. (65 sq.m.) Carpet Area,"₹ 85 L₹ 12,108/sq.ft."
520,520,atlanta phase 1,2 BHK2 Baths,720 sq.ft. (67 sq.m.) Carpet Area,"₹ 70 L₹ 9,722/sq.ft."
521,521,Seetai Villa,2 BHK2 Baths,923 sq.ft. (86 sq.m.) Carpet Area,"₹ 65 L₹ 7,042/sq.ft."
522,522,Air Castles,3 BHK2 Baths,"1,130 sq.ft. (105 sq.m.) Built-up Area","₹ 65 L₹ 5,752/sq.ft."
523,523,Kumar Megapolis4.5 ★ ,3 BHK3 Baths,"1,495 sq.ft. (139 sq.m.) Super built-up Area","₹ 90 L₹ 6,020/sq.ft."
524,524,Prem Mairah Residences3.6 ★ ,1 BHK1 Bath,448 sq.ft. (42 sq.m.) Carpet Area,"₹ 38.5 L₹ 8,593/sq.ft."
525,525,Kohinoor Coral,2 BHK2 Baths,615 sq.ft. (57 sq.m.) Carpet Area,"₹ 46 L₹ 7,471/sq.ft."
526,526,Godrej 24,3 BHK3 Baths,"1,132 sq.ft. (105 sq.m.) Carpet Area","₹ 1.35 Cr₹ 11,925/sq.ft."
527,527,Sheth Beverly Hills,1 BHK1 Bath,705 sq.ft. (66 sq.m.) Super built-up Area,"₹ 48 L₹ 6,808/sq.ft."
528,528,Xrbia Township,3 BHK2 Baths,571 sq.ft. (53 sq.m.) Carpet Area,"₹ 36 L₹ 6,654/sq.ft."
529,529,Candy Floors Apartments,2 BHK2 Baths,994 sq.ft. (92 sq.m.) Carpet Area,"₹ 42 L₹ 4,225/sq.ft."
530,530,Kumar Megapolis4.5 ★ ,2 BHK2 Baths,"1,080 sq.ft. (100 sq.m.) Super built-up Area","₹ 65 L₹ 6,018/sq.ft."
531,531,Vaishnavi Homes,,,
532,532,Paranjape Blue Ridge4.4 ★,,,
533,533,Kolte Patil Life Republic4.4 ★,,,
534,534,Kolte Patil Life Republic4.4 ★,,,
535,535,The Pristine Horizon Village Residency 3,,,
536,536,24K Solitaire Assets,,,
537,537,24K Solitaire Assets,,,
538,538,24K Real Assets,,,
539,539,Kolte Patil Life Republic4.5 ★,,,
540,540,24K Solitaire Assets,,,
541,541,24K Solitaire Assets,,,
542,542,24K Solitaire Assets,,,
